#;Kategorie;App name;Kurzbeschreibung;Nutzbarkeit (DE);Handlungsempfehlung fÃ¼r deutsche Unternehmen;EU-Hosting;DSGVO;EU AI Act;Homepage;Privacy/Legal Link;DSGVO/GDPR Link;Storage/Hosting Link;DPA/AVV Link
1;"


KI-Assistent / LLM
";OpenAI;ChatGPT und API zur Erstellung von Texten, Code oder Bildern.;"ğŸŸ¢ â€“ Sehr leistungsfÃ¤hig; rechtlich gut steuerbar bei EU-Nutzung";"Nur Enterprise-Tarif mit EU-Region nutzen; AVV abschlieÃŸen; keine sensiblen Daten in Prompts; Datenschutzbeauftragten einbeziehen.";ğŸŸ¢ â€“ EU-Datenregion fÃ¼r Enterprise-Kunden verfÃ¼gbar;ğŸŸ¡ â€“ Nur DSGVO-konform mit AVV/DPA und EU-Datenhaltung;ğŸŸ¡ â€“ Transparenz- & Dokumentationspflichten bei sensiblen Anwendungen;https://openai.com;https://openai.com/policies/privacy-policy/;https://openai.com/policies/privacy-policy/;https://openai.com/business-data/;https://openai.com/policies/data-processing-addendum/
;;[LINK CHECK];;;;;;;âœ… Valid (page loaded);âœ… Valid (page loaded);âœ… Valid (page loaded);âœ… Valid (page loaded);âœ… Valid (page loaded)
;;[CONTENT ANALYSIS];;;;;;;âŒ No;âœ… Yes;âœ… Yes;âœ… Yes;âœ… Yes
2;"


KI-Assistent / LLM
";Anthropic (Claude);KI-Chatbot und Textassistent, Ã¤hnlich ChatGPT.;ğŸŸ¡ â€“ Leistungsstark, aber Datenschutzprobleme bei Consumer-Version;"Nur Enterprise-Vertrag nutzen; in DatenschutzfolgeabschÃ¤tzung prÃ¼fen; keine vertraulichen Inhalte im Claude-Webchat eingeben.";ğŸŸ¡ â€“ EU-Hosting teils verfÃ¼gbar fÃ¼r Enterprise-Kunden;"ğŸŸ¡ â€“ DSGVO-konform nur bei Enterprise; Consumer-Version speichert Daten";ğŸŸ¡ â€“ Neue Trainingsregeln erfordern TransparenzprÃ¼fung;https://www.anthropic.com;https://www.anthropic.com/legal/privacy;https://www.anthropic.com/legal/privacy;https://www.anthropic.com/legal/privacy;https://www.anthropic.com/legal/data-processing-addendum
;;[LINK CHECK];;;;;;;âœ… Valid (page loaded);âœ… Valid (page loaded);âœ… Valid (page loaded);âœ… Valid (page loaded);âœ… Valid (page loaded)
;;[CONTENT ANALYSIS];;;;;;;âœ… Yes;âœ… Yes;âŒ No;âœ… Yes;âœ… Yes
3;"


Coding-Tool";Replit;Software-Entwicklungstool mit KI-UnterstÃ¼tzung zur Code-Erstellung.;ğŸŸ¡ â€“ Technisch nÃ¼tzlich, aber IP-Risiken bei offenem Code;"Nur mit AVV und EU-Hosting nutzen; keine vertraulichen Code-Bestandteile in Public Workspaces speichern; fÃ¼r interne Nutzung Enterprise-Tarif wÃ¤hlen.";ğŸŸ¡ â€“ EU-Region nur auf Anfrage / Enterprise;ğŸŸ¡ â€“ DSGVO-konform, aber Quellcode ist schutzwÃ¼rdig;ğŸŸ¡ â€“ AI Act relevant, wenn Code produktive Systeme beeinflusst;https://replit.com;https://www.replit.com/privacy;https://www.replit.com/privacy;https://www.replit.com/site/trust;https://www.replit.com/legal/dpa
4;"


Asset-Marktplatz / Design-Tool";Freepik;Plattform fÃ¼r Grafiken, Icons, Templates und Design-Vorlagen.;ğŸŸ¡ â€“ Gute Ressource, aber Lizenz- und Urheberrisiken mÃ¶glich;"Kommerzielle Lizenzen prÃ¼fen; Bilder mit Personen meiden, falls keine Model-Rechte; interne Freigabeprozesse fÃ¼r Asset-Nutzung etablieren.";ğŸŸ¢ â€“ EU-Server laut Trust Center;ğŸŸ¢ â€“ DSGVO-konform nutzbar;ğŸŸ¢ â€“ EU AI Act kaum relevant;https://www.freepik.com;https://www.freepik.com/legal/privacy;https://www.freepik.com/legal/privacy;https://www.freepik.com/trust-center;https://www.freepik.com/legal/terms-of-use
5;"


Voice-AI / Stimmengenerator";ElevenLabs;KI-Stimmen, Text-to-Speech, und Voice-Cloning.;ğŸŸ¡ â€“ Sehr innovativ, aber rechtlich heikel bei echter Personenstimme;"Nur mit ausdrÃ¼cklicher Einwilligung der Sprecher; Enterprise-EU-Region aktivieren; keine realen Stimmen imitieren; internen Ethik-Check durchfÃ¼hren.";ğŸŸ¡ â€“ EU-Datenhaltung fÃ¼r Enterprise verfÃ¼gbar;ğŸ”´ â€“ Personenstimmen = biometrische Daten â†’ Einwilligung nÃ¶tig;ğŸ”´ â€“ Unter EU AI Act als Hochrisiko-KI klassifizierbar;https://elevenlabs.io;https://elevenlabs.io/privacy;https://elevenlabs.io/privacy;https://trust.elevenlabs.io/;https://elevenlabs.io/privacy
6;"


Coding-Tool";Cursor;Software-Entwicklungstool mit KI-Assistenz fÃ¼r Code.;ğŸŸ¡ â€“ Technisch nÃ¼tzlich, vertrauliche Projekte vorsichtig;"Privacy Mode / Zero-Retention aktivieren; Enterprise / On-Prem fÃ¼r proprietÃ¤ren Code";ğŸŸ¡ â€“ Privacy Mode & Enterprise-Optionen mit EU-Hosting;ğŸŸ¡ â€“ DSGVO: Quellcode vertraulich, Privacy Mode nutzen;ğŸŸ¡ â€“ EU AI Act: Traceability fÃ¼r produktiven Code nÃ¶tig;https://cursor.com;https://cursor.com/privacy;https://cursor.com/privacy;https://docs.cursor.com/privacy;https://cursor.com/terms
7;"


Meeting-Assistenz";Fyxer;E-Mail- und Meeting-Assistent mit KI-UnterstÃ¼tzung.;ğŸŸ¡ â€“ NÃ¼tzlich, personenbezogene Inhalte vorsichtig;"AVV/DPA einholen; keine vertraulichen Inhalte; interne Richtlinien fÃ¼r Datenzugriff";ğŸŸ¡ â€“ EU-Server laut Trust Center mÃ¶glich;ğŸŸ¡ â€“ DSGVO-konform bei Enterprise & Pseudonymisierung;ğŸŸ¡ â€“ EU AI Act: Automatisierungspflichten prÃ¼fen;https://fyxer.ai;https://www.fyxer.ai/privacy;https://www.fyxer.ai/privacy;https://www.fyxer.ai/trust;https://www.fyxer.ai/contact-sales
8;"


Customer-Concierge / CX AI";Lorikeet;Conversational AI fÃ¼r Kundenservice & Sales.;ğŸŸ¡ â€“ FunktionsfÃ¤hig, Daten sorgfÃ¤ltig behandeln;"AVV abschlieÃŸen; Rollen- & Zugriffstrennung; Consent-Flows implementieren";ğŸŸ¡ â€“ EU-Hosting Enterprise mÃ¶glich;ğŸŸ¡ â€“ DSGVO-konform bei Enterprise;ğŸŸ¡ â€“ EU AI Act: bei automatisierten Entscheidungen Dokumentation nÃ¶tig;https://www.lorikeet.ai;https://www.lorikeet.ai/privacy;https://www.lorikeet.ai/privacy;https://www.lorikeet.ai/security;https://www.lorikeet.ai/enterprise
9;"


Recruiting / Interviews";Micro1;KI-Interviewplattform & Talent-Screening.;ğŸŸ¡ â€“ NÃ¼tzlich nur mit DPA & Einwilligungen;"DPIA durchfÃ¼hren; Kandidateneinwilligung einholen; Menschen-in-der-Schleife; Enterprise-EU-Hosting nutzen";"ğŸŸ¡ â€“ EU-Hosting mÃ¶glich; Enterprise-Option";ğŸ”´ â€“ Bewerberdaten sehr sensibel â†’ DSGVO-Risiken hoch;ğŸŸ¡ â€“ EU AI Act: automatisierte Bewertung hochriskant;https://www.micro1.ai;https://www.micro1.ai/privacy;https://www.micro1.ai/privacy;https://www.micro1.ai/security;https://www.micro1.ai/dpa
10;"


Knowledge / Workspace";Notion;Wissensmanagement mit KI-gestÃ¼tzten Datenbanken & Docs.;ğŸŸ¡ â€“ NÃ¼tzlich, sensible Inhalte vorsichtig;"Enterprise-Plan + EU-Region aktivieren; AVV unterschreiben; HR-FÃ¤lle nicht in Public Pages speichern";ğŸŸ¢ â€“ EU-Datenregion verfÃ¼gbar;ğŸŸ¡ â€“ DSGVO-konform bei Enterprise;ğŸŸ¡ â€“ EU AI Act: Transparenzpflicht bei automatisierter Klassifikation;https://notion.so;https://www.notion.so/privacy;https://www.notion.so/privacy;https://www.notion.so/enterprise;https://www.notion.so/dpa
11;"


Knowledge / Research AI";Delve;Tool zur Wissensindexierung und Recherche in internen Quellen.;ğŸŸ¡ â€“ Nur anonymisierte Daten nutzen;"POC nur mit anonymisierten DatensÃ¤tzen; DPA prÃ¼fen; DPIA durchfÃ¼hren, bevor HR/Staff-Daten indexiert werden";ğŸŸ¡ â€“ EU-Hosting mÃ¶glich, Enterprise-Kontrolle empfohlen;ğŸŸ¡ â€“ DSGVO: DPIA empfohlen bei sensiblen Daten;ğŸŸ¡ â€“ EU AI Act: bei EntscheidungsunterstÃ¼tzung Dokumentation nÃ¶tig;https://www.delve.ai;https://www.delve.ai/privacy;https://www.delve.ai/privacy;https://www.delve.ai/security;https://www.delve.ai/dpa
12;"


LLM-Recherche / Answering";Perplexity;Web-gestÃ¼tzte AI-Such- und Antwortmaschine.;ğŸŸ¡ â€“ FÃ¼r DE nutzbar, aber Vorsicht bei vertraulichen Infos;"Keine vertraulichen Daten hochladen; Enterprise-Vertrag + opt-out von Trainingsdaten; Quellen prÃ¼fen";ğŸŸ¡ â€“ Enterprise-DPAs vorhanden, EU-Hosting teils mÃ¶glich;ğŸŸ¡ â€“ DSGVO: keine vertraulichen Inhalte;ğŸŸ¡ â€“ EU AI Act: Transparenzpflicht bei generierten Antworten;https://www.perplexity.ai;https://www.perplexity.ai/privacy;https://www.perplexity.ai/privacy;https://www.perplexity.ai/security;https://www.perplexity.ai/enterprise
13;"


Sales / Outreach";Instantly;Tool fÃ¼r Cold-Outreach & E-Mail-Automatisierung.;ğŸ”´ â€“ EingeschrÃ¤nkt nutzbar;"B2C Cold-Outreach nicht nutzen; B2B nur mit legitimen Interessen und Opt-out; nur zur Verifizierung oder Datenanreicherung EU-Host verwenden";"ğŸŸ¡ â€“ EU-DPA vorhanden; EU-Hosting nur Enterprise";"ğŸ”´ â€“ Cold-Outreach in DE riskant; DSGVO/UWG beachten";ğŸ”´ â€“ EU AI Act kaum relevant;https://instantly.ai;https://instantly.ai/privacy;https://instantly.ai/privacy;https://instantly.ai/security;https://instantly.ai/dpa
14;"


Messaging / Automation";Customer.io;Plattform zur Automatisierung von Eâ€‘Mail, Push und SMS mit EU/USâ€‘Regionwahl;ğŸŸ¢ â€“ Sehr gut nutzbar fÃ¼r DE;"EUâ€‘Region aktivieren; AVV/DPA einholen; Consent/Opt-out prÃ¼fen";ğŸŸ¢ â€“ EUâ€‘Datenzentren auswÃ¤hlbar;ğŸŸ¢ â€“ DSGVO-konform, AVV vorhanden;ğŸŸ¡ â€“ Transparenzpflichten bei KIâ€‘Funktion;https://customer.io;https://customer.io/privacy;https://customer.io/legal/privacy-policy/;https://customer.io/gdpr;https://customer.io/legal/dpa
15;"


Generative Media / Video & Image";KlingAI;KI-Tool fÃ¼r Video- und Bilderstellung aus Text oder Bildern;ğŸ”´ â€“ Nicht empfehlenswert fÃ¼r sensible Daten;"Nur fÃ¼r Marketing/Public Use; Hosting/AVV prÃ¼fen; alternative EU-residente LÃ¶sung bevorzugen";ğŸ”´ â€“ Hosting / Datenresidenz kaum transparent;ğŸŸ¡ â€“ DSGVO Status unklar, besonders bei Personenbildern;ğŸŸ¡ â€“ EU AI Act: erhÃ¶hte Regulierungs-/Provenance-Pflicht;https://www.klingai.com;https://www.klingai.com/privacy;https://www.klingai.com/privacy;https://www.klingai.com/security;https://www.klingai.com/terms
16;"


Voice / Conversational AI";Retell AI;Plattform fÃ¼r KI-Sprachagenten (Anrufe, Chat, automatisierte Voicebots);ğŸŸ¡ â€“ Nutzbar, hoher Compliance-Aufwand;"Einwilligung der Sprecher einholen; Enterprise-Plan/EU-Hosting vertraglich sichern; DPIA durchfÃ¼hren";ğŸŸ¡ â€“ Hostingregionen nicht transparent, Enterprise-Optionen bestehen;ğŸŸ¡ â€“ DSGVO konform, aber sensibel wegen Stimmen/Telefonie;ğŸ”´ â€“ Hohe regulatorische Anforderungen (Hochrisiko);https://www.retellai.com;https://www.retellai.com/privacy;https://www.retellai.com/privacy;https://www.retellai.com/compliance;https://www.retellai.com/enterprise
17;"


Asset-Marktplatz / Design-Tool";Canva;Web-Design fÃ¼r PrÃ¤sentationen, Marketingmaterialien, Templates.;ğŸŸ¢ â€“ Voll nutzbar in DE;"Enterprise-Plan + EU-Region; AVV unterschreiben; vertrauliche Dokumente nur EU";ğŸŸ¢ â€“ EU-Datenregion verfÃ¼gbar;"ğŸŸ¢ â€“ DSGVO-konform; Enterprise AVV mÃ¶glich";ğŸŸ¡ â€“ Transparenzpflichten bei KI-Funktionen;https://www.canva.com;https://www.canva.com/privacy;https://www.canva.com/privacy;https://www.canva.com/gdpr;https://www.canva.com/enterprise
18;"


Coding-/Design-Tool";Lovable;"Customer Engagement & Chat-Automation; Cloud auf Supabase";ğŸŸ¡ â€“ Nur mit DPA & Consent nutzen;"DPA unterzeichnen; Supabase EU-Region nutzen; Consent-Flow fÃ¼r User aktivieren";"ğŸŸ¡ â€“ Supabase EU-Region mÃ¶glich; DPA vorhanden";ğŸŸ¡ â€“ DSGVO: Consent & Sub-Processor Transparenz nÃ¶tig;ğŸŸ¡ â€“ EU AI Act: Profiling = erhÃ¶hte Pflichten;https://lovable.dev;https://lovable.dev/privacy;https://lovable.dev/privacy;https://supabase.com/security;https://lovable.dev/data-processing-agreement
19;"


Interview Analytics";Metaview;"Aufnahme und Analyse von Interviews; Kandidaten-Insights.";ğŸŸ¡ â€“ NÃ¼tzlich nur mit DPA & Einwilligungen;"DPIA durchfÃ¼hren; Kandidateneinwilligung einholen; Enterprise-EU-Hosting verwenden; Rollen-/Zugriffsrechte einhalten";"ğŸŸ¢/ğŸŸ¡ â€“ AWS (UK) Hosting; Enterprise-Kontrollen";ğŸ”´/ğŸŸ¡ â€“ Kandidatendaten sehr sensibel â†’ DSGVO-Pflichten hoch;ğŸŸ¡ â€“ EU AI Act: Bewertung/Scoring hochriskant;https://www.metaview.ai;https://www.metaview.ai/privacy;https://www.metaview.ai/privacy;https://www.metaview.ai/enterprise;https://www.metaview.ai/security
20;"


Autonomous Agent / Productivity";Adept;Plattform fÃ¼r autonome Agenten zur AusfÃ¼hrung komplexer Aufgaben (Text + Web + Tools).;ğŸŸ¡ Nutzbar, Produktiveinsatz nur mit Enterprise-Setup;"DPA & EU-Residency vertraglich sichern; DPIA & Human-in-loop einrichten; keine vertraulichen Daten in Free/Cloud.";ğŸŸ¡ Kein Ã¶ffentliches EU-Hosting dokumentiert;"ğŸŸ¡ DSGVO-Risiko erhÃ¶ht bei autonomen Agenten; AVV & LÃ¶schkonzept erforderlich";ğŸŸ¡ Autonome Agenten â†’ Transparenzpflichten;https://www.adept.ai;https://www.adept.ai/privacy;https://www.adept.ai/privacy;https://www.adept.ai/security;https://www.adept.ai/terms
21;"


Knowledge / Research AI";Glean;Enterprise-Such- und Knowledge-Management-Tool mit KI-UnterstÃ¼tzung fÃ¼r Dokumente.;ğŸŸ¢ Gut nutzbar, bei EU-Hosting vertraulich;"Enterprise-Plan mit EU-Region & DPA; vertrauliche Dokumente nur Ã¼ber EU-Region hosten; LÃ¶schfristen prÃ¼fen.";"ğŸŸ¡ EU-Region auf Anfrage; nicht Standard";ğŸŸ¢ GDPR-konform mit AVV & Security Controls;ğŸŸ¡ Generative Antworten â†’ Dokumentationspflicht;https://www.glean.com;https://www.glean.com/privacy;https://www.glean.com/privacy;https://www.glean.com/security;https://www.glean.com/gdpr
22;Image Editing / AI-Content;Photoroom;KI-gestÃ¼tzte Bildbearbeitung & Hintergrundentfernung.;ğŸŸ¢ Gut nutzbar fÃ¼r nicht-sensible Bilder;"Enterprise/Pro Plan mit EU-Region; keine sensiblen Bilder ohne Einwilligung; AVV prÃ¼fen.";ğŸŸ¡ EU-Region mÃ¶glich, nicht Standard;ğŸŸ¢ DSGVO-konform bei EU-Hosting & Einwilligung;ğŸŸ¡ Generative KI â†’ Transparenz bei Modelltraining;https://www.photoroom.com;https://www.photoroom.com/privacy;https://www.photoroom.com/privacy;https://www.photoroom.com/enterprise;https://www.photoroom.com/security
23;Data Analysis / AI Agents;Solve Intelligence;KI-Plattform fÃ¼r Datenauswertung & autonome Entscheidungsagenten.;ğŸŸ¡ Nutzbar fÃ¼r DE, produktiv nur mit Enterprise-Setup;"EU-Region & DPA vertraglich sichern; keine personenbezogenen Daten ohne Einwilligung; Logging & Audit einrichten.";ğŸŸ¡ Kein Ã¶ffentliches EU-Hosting;ğŸŸ¡ DSGVO-Relevanz bei personenbezogenen Daten;ğŸŸ¡ Agenten â†’ Dokumentation & Transparenzpflicht;https://www.solveintelligence.ai;https://www.solveintelligence.ai/privacy;https://www.solveintelligence.ai/privacy;https://www.solveintelligence.ai/security;https://www.solveintelligence.ai/dpa
24;Presentation / Productivity;Gamma (Gamma Tech);Plattform fÃ¼r KI-generierte PrÃ¤sentationen und Dokumente.;ğŸŸ¢ Gut nutzbar fÃ¼r DE, wenn Enterprise & EU-Region;"Enterprise/DPA & EU-Region prÃ¼fen; keine sensiblen Inhalte Ã¼ber Free-Accounts; LÃ¶schfristen beachten.";ğŸŸ¡ EU-Hosting auf Anfrage;ğŸŸ¡ DSGVO-konform nur bei Enterprise-Setup;ğŸŸ¡ Generative PrÃ¤sentationen â†’ Transparenzpflicht;https://www.gamma.app;https://www.gamma.app/privacy;https://www.gamma.app/privacy;https://www.gamma.app/security;https://www.gamma.app/enterprise
25;Contacts / CRM;Clay;Kontakt-/Beziehungsmanagement mit AI (Aggregierte Daten);ğŸŸ¡ â€“ Vorsicht bei personenbezogenen Daten;"Source Legal prÃ¼fen; Data-Minimization & Opt-Out implementieren; DPA unterzeichnen, LÃ¶schkontrollen aktivieren";"ğŸŸ¡ â€“ Privacy & SOC2; EU-DPF Compliance erwÃ¤hnt";ğŸŸ¡ â€“ DSGVO: Aggregated Contact Data â†’ lawful basis & source verification;ğŸŸ¡ â€“ EU AI Act: Profiling/Scoring â†’ erhÃ¶hte Pflichten;https://clay.earth;https://clay.earth/privacy;https://clay.earth/privacy;https://clay.earth/security;https://clay.earth/dpa
26;Meetingâ€‘/Salesâ€‘AI;Cluely;Echtzeitâ€‘Meetingâ€‘Assistent: nutzt Audio & Bildschirm, erstellt Zusammenfassungen, VorschlÃ¤ge & Followâ€‘Upâ€‘Mails.;ğŸŸ¡ â€“ Technisch nÃ¼tzlich, aber fÃ¼r DE mit hohem Datenschutzâ€‘/Rechtsaufwand.;"Nur mit expliziter Einwilligung aller Beteiligten einsetzen; sensible Inhalte vermeiden; Hostingâ€‘Region klÃ¤ren.";ğŸŸ¡ â€“ DatenverschlÃ¼sselung angegeben, aber keine klare Angabe zur EUâ€‘Residenz. (Cluely);ğŸŸ¡ â€“ DSGVOâ€‘Hinweise vorhanden (z. B. VerschlÃ¼sselung/Workspaceâ€‘Isolation) (Cluely);ğŸ”´ â€“ Hohe Risiken: Echtzeitâ€‘Monitoring, Audio/Screenshots, personenbezogene Daten â†’ klare regulatorische Anforderungen.;https://www.cluely.ai;https://www.cluely.ai/privacy;https://www.cluely.ai/privacy;https://www.cluely.ai/security;https://www.cluely.ai/enterprise
27;LegalTech / Hybride KIâ€‘Kanzlei;Crosby;Hybride Lawâ€‘Firm: kombiniert AnwÃ¤lte + KI zur VertragsprÃ¼fung (MSAs, DPAs, NDAs) in Minuten statt Tagen. ;ğŸŸ¡ â€“ Nur bei Unternehmen mit sehr gutem Complianceâ€‘Setup nutzbar.;"Einsatz nur mit hochsensiblen Vertragsâ€‘/Rechtsdaten nach DPIA & AVV; EUâ€‘Hosting und Datenresidenz vorab vertraglich sichern.";ğŸŸ¡ â€“ Keine Ã¶ffentlich gut belegte Angabe zur vollen EUâ€‘Hostingâ€‘Region oder Datenresidenz.;ğŸŸ¡ â€“ Rechtstechnischer Einsatz, DSGVOâ€‘Bezugsrahmen relevant, aber keine vollstÃ¤ndige Hostingâ€‘Transparenz.;ğŸ”´ â€“ Extrem hohes Risiko: automatisierte Rechtsentscheidungen, Vertragsâ€‘/Vertragsâ€‘prÃ¼fung â†’ hohe Anforderungen.;https://www.crosby.law;https://www.crosby.law/privacy;https://www.crosby.law/privacy;https://www.crosby.law/security;https://www.crosby.law/enterprise
28;Generative Images;Midjourney;KI-gestÃ¼tzte Generierung von Bildern und Illustrationen.;ğŸŸ¡ â€“ Vorsicht bei vertraulichen oder personenbezogenen Inhalten;"Keine vertraulischen oder personenbezogenen Bilder hochladen; IP-/Lizenzrisiken prÃ¼fen; Enterprise-Optionen bevorzugen";"ğŸ”´/ğŸŸ¡ â€“ Daten Ã¼berwiegend US-gehostet; EU-Hosting eingeschrÃ¤nkt";ğŸŸ¡ â€“ DSGVO: keine personenbezogenen Daten hochladen;ğŸŸ¡/ğŸ”´ â€“ EU AI Act: Trainings- und Output-Provenance beachten;https://www.midjourney.com;https://www.midjourney.com/privacy;https://www.midjourney.com/privacy;https://www.midjourney.com/security;https://www.midjourney.com/terms
29;Accountingâ€‘/Workflowâ€‘AI;Combinely;"â€AIâ€‘Coworker"" fÃ¼r Buchhaltungsâ€‘/Steuerkanzleien: assistiert bei Klientenanfragen, Dokumentenâ€‘Review und Workflowâ€‘Automatisierung. (Y Combinator)";ğŸŸ¡ â€“ Nutzbar fÃ¼r DEâ€‘Markt, wenn Datenschutzâ€‘ und Hostingâ€‘Fragen geklÃ¤rt sind.;"EUâ€‘Datenresidenz und AVV prÃ¼fen; klare Trennung zwischen sensiblen Mandantendaten & Toolâ€‘Nutzung; Einsatz zunÃ¤chst intern pilotieren.";ğŸŸ¡ â€“ Hostingâ€‘Region nicht klar dokumentiert in Ã¶ffentlich zugÃ¤nglichen Quellen.;ğŸŸ¡ â€“ DSGVOâ€‘Hinweise vorhanden, aber keine vollstÃ¤ndige ErklÃ¤rung zur Datenresidenz.;ğŸŸ¡ â€“ Risiko moderat: Automatisierung von Workflows, ggf. Profiling â€‘ regulatorische Anforderungen vorhanden.;https://www.combinely.ai;https://www.combinely.ai/privacy;https://www.combinely.ai/privacy;https://www.combinely.ai/security;https://www.combinely.ai/contact
30;KIâ€‘Assistent / Browserâ€‘Extension;Merlin;KIâ€‘Chromeâ€‘Extension + Webâ€‘App: unterstÃ¼tzt bei Dokumenten, Recherche, Social Media, Ãœbersetzungen mit groÃŸen LLMs (GPTâ€‘4, Claude etc.). (Merlin AI);ğŸŸ¢ â€“ Gut nutzbar fÃ¼r DE bei korrektem Setup, insbesondere Variante mit EUâ€‘Hosting.;"Bei Einsatz im Unternehmensbereich: EUâ€‘Hosting/Datenspeicherung klÃ¤ren; Premiumâ€‘Version mit Enterpriseâ€‘Vertrag bevorzugen; keine sensiblen Kundendaten in Freeâ€‘Version.";ğŸŸ¡ â€“ FÃ¼r â€merlin â€“ KI fÃ¼r Verwaltungen (Deutschland) klar EUâ€‘Hosting;" fÃ¼r die allgemeine Browserâ€‘Extension weniger klar. (hallomerlin.de)""";"ğŸŸ¢ â€“ Deutsche Variante nennt â€100 % DSGVOâ€‘konform"" (fÃ¼r VerwaltungslÃ¶sung) (hallomerlin.de)";https://www.merlin.foyer.work;https://www.merlin.foyer.work/privacy;https://www.merlin.foyer.work/privacy;https://www.merlin.foyer.work/security;https://www.merlin.foyer.work/enterprise
31;Audio/Video Editing;Descript;Transkription, Audio/Video-Editing, Overdub-Stimmenfunktion.;ğŸŸ¡ â€“ Innovativ, aber rechtlich sensibel;"Nur mit Einwilligung der Sprecher; Enterprise/EU-Region verwenden; keine realen Stimmen imitieren";ğŸŸ¡ â€“ Enterprise-Optionen mit EU-Hosting verfÃ¼gbar;ğŸŸ¡ â€“ DSGVO: Einwilligung fÃ¼r Sprache/Transkripte nÃ¶tig;ğŸ”´/ğŸŸ¡ â€“ EU AI Act: Voice-Cloning als Hochrisiko-KI;https://www.descript.com;https://www.descript.com/privacy;https://www.descript.com/privacy;https://www.descript.com/security;https://www.descript.com/enterprise
32;Schreibâ€‘ & Stilâ€‘Assistenz;Grammarly;KIâ€‘gestÃ¼tztes Tool zur Verbesserung von Texten (Grammatik, Stil, Plagiaterkennung).;ğŸŸ¢ â€“ Gut nutzbar in DE mit Enterpriseâ€‘Setup und kontraktlichen Absicherungen.;"Enterpriseâ€‘Vertrag mit DPA und EUâ€‘SCC fordern; keine sensiblen Kundendaten Ã¼ber Freeâ€‘Versionen verwenden.";ğŸŸ¡ â€“ HauptsÃ¤chlich USâ€‘Server, EUâ€‘Region nicht als Standard ausgewiesen.;ğŸŸ¢ â€“ GDPRâ€‘ konformes Framework inkl. DPA/SCCs vorhanden.;ğŸŸ¡ â€“ Textâ€‘Bearbeitung kann Profiling begrÃ¼nden â†’ Transparenz erforderlich.;https://www.grammarly.com;https://www.grammarly.com/privacy;https://www.grammarly.com/privacy;https://www.grammarly.com/gdpr;https://www.grammarly.com/enterprise
33;Autonome Agentenâ€‘AI;Manus;Agentenplattform, die Aufgaben autonom ausfÃ¼hrt (z. B. Webâ€‘Recherche, Workflowâ€‘Automatisierung).;ğŸŸ¡ â€“ Technisch interessant, rechtlich fÃ¼r DEâ€‘Einsatz nur mit hoher Compliance;"Datenresidenz und Onâ€‘Premiseâ€‘Optionen vertraglich sichern; DPIA durchfÃ¼hren; sensiblen Datenzugriff einschrÃ¤nken.";ğŸŸ¡ â€“ Keine eindeutige EUâ€‘Residency als Standard dokumentiert.;ğŸŸ¡ â€“ Datenschutzâ€‘Hinweise vorhanden, aber Hosting/Datenfluss nicht klar ausgewiesen.;ğŸ”´ â€“ Autonome Agenten mit Entscheidungsâ€‘/Handlungsfunktion fallen in hÃ¶here Risikokategorie.;https://www.manus.ai;https://www.manus.ai/privacy;https://www.manus.ai/privacy;https://www.manus.ai/security;https://www.manus.ai/dpa
34;Enterprise AIâ€‘/Devâ€‘Agenten;Cognition;Plattform zur Erstellung und Bereitstellung von AIâ€‘Agenten fÃ¼r Unternehmen (z. B. Devâ€‘Workflow).;ğŸŸ¢ â€“ Sehr gut geeignet fÃ¼r DE, wenn EUâ€‘Region aktiviert und VertrÃ¤ge in Ordnung.;"DPA und EUâ€‘Serverwahl vertraglich vereinbaren; Zugangskontrollen und Rollenrechte definieren; Produktionsâ€‘Code sorgfÃ¤ltig handhaben.";ğŸŸ¢ â€“ Hosting wÃ¤hlbar mit EU (z. B. Frankfurt) angegeben als Defaultâ€‘Option.;ğŸŸ¢ â€“ GDPRâ€‘konforme Privacyâ€‘Policy inkl. Standardâ€‘Mechanismen verfÃ¼gbar.;ğŸŸ¡ â€“ Agenten mit Workflowâ€‘AusfÃ¼hrung verlangen Nachvollziehbarkeit & Dokumentation.;https://www.cognition.ai;https://www.cognition.ai/privacy;https://www.cognition.ai/privacy;https://www.cognition.ai/security;https://www.cognition.ai/enterprise
35;Short-Video Clipper;Opus Clip;Automatische Kurzvideoerstellung aus langen Aufnahmen.;ğŸŸ¡ â€“ Nur mit Einwilligung von Beteiligten;"Consent fÃ¼r Personen in Clips einholen; Enterprise-Datenschutz aktivieren; interne Richtlinien fÃ¼r sensible Inhalte";ğŸŸ¡ â€“ EU-Hosting fÃ¼r Enterprise erwÃ¤hnt;"ğŸŸ¡ â€“ DSGVO: Clips kÃ¶nnen personenbezogen sein; Consent nÃ¶tig";ğŸŸ¡ â€“ EU AI Act: Profiling bei automatisierter Nutzung beachten;https://www.opusclip.com;https://www.opusclip.com/privacy;https://www.opusclip.com/privacy;https://www.opusclip.com/security;https://www.opusclip.com/enterprise
36;Transkription / Untertitelung;Happyscribe;Cloud-Service fÃ¼r automatische Transkription und Untertitelung mit Enterprise-Optionen.;ğŸŸ¢ Sehr gut geeignet fÃ¼r DE-Nutzung bei korrekter Einwilligung;Enterprise-Plan mit EU-Region wÃ¤hlen, AVV abschlieÃŸen, Einwilligung bei Aufnahmen sicherstellen.;ğŸŸ¢ EU-Server dokumentiert (EEA-Hosting verfÃ¼gbar);ğŸŸ¢ voll GDPR-konform mit DPA und LÃ¶schkonzept;ğŸŸ¡ Transkription bedarf Transparenzpflicht bei Audioverarbeitung;https://www.happyscribe.co;https://www.happyscribe.co/privacy;https://www.happyscribe.co/privacy;https://www.happyscribe.co/security;https://www.happyscribe.co/gdpr
37;Sales-Automation / AI SDR Agents;11x;Automatisierte Sales-Agents fÃ¼r Lead-Generierung und Outreach.;ğŸ”´ EingeschrÃ¤nkt brauchbar (B2B ja, B2C nein);Nur B2B verwenden, AVV abschlieÃŸen, keine Cold-Emails an Privatpersonen (UWG).;ğŸŸ¡ EU-Region auf Anfrage, nicht Standard;ğŸŸ¡ rechtliche Risiken bei personenbezogenen Leads;ğŸŸ¡ Profiling unterliegt Dokumentationspflicht;https://11x.ai;https://11x.ai/privacy;https://11x.ai/privacy;https://11x.ai/security;https://11x.ai/dpa
38;Voice-Recorder & Transkription;Plaud (Plaud.ai);Hardware-gestÃ¼tzter Recorder mit Cloud-KI fÃ¼r Transkription und Zusammenfassungen.;ğŸŸ¢ Gut nutzbar bei Enterprise-Setup und Einwilligung;EU-Hosting aktivieren, Einwilligungen einholen, AVV vereinbaren und LÃ¶schfristen definieren.;ğŸŸ¢ EU-Hosting dokumentiert (GDPR konform);ğŸŸ¢ SOC2 + GDPR-Nachweise vorhanden;ğŸŸ¡ Voice-Daten erfordern besondere Transparenz;https://www.plaud.ai;https://www.plaud.ai/privacy;https://www.plaud.ai/privacy;https://www.plaud.ai/security;https://www.plaud.ai/gdpr
39;ITSM / Automation;Serval;KI-Plattform zur Automatisierung von IT-Workflows und Helpdesk-Prozessen.;ğŸŸ¢ Sehr geeignet fÃ¼r DE, wenn Enterprise-Setup genutzt wird;Enterprise-Vertrag mit AVV und EU-Tenant fordern, Audit-Logs und Rollenrechte definieren.;ğŸŸ¢ EU-Tenant und Trust-Center vorhanden;ğŸŸ¢ Privacy Policy + DPO nach GDPR;ğŸŸ¡ Automatisierte Agenten mÃ¼ssen transparent sein;https://www.serval.ai;https://www.serval.ai/privacy;https://www.serval.ai/privacy;https://www.serval.ai/trust;https://www.serval.ai/security
40;Customer Engagement / Chatbot;Ada;Automatisierte Kundenservice-Chatbots;ğŸŸ¢ â€“ Voll nutzbar;"Enterprise-EU-Hosting; AVV/DPA einholen; Consent fÃ¼r Kundenkommunikation";ğŸŸ¢ â€“ EU-Hosting verfÃ¼gbar;ğŸŸ¢ â€“ DSGVO-konform mit Enterprise;ğŸŸ¡ â€“ EU AI Act: Dokumentation bei Entscheidungen;https://www.ada.support;https://www.ada.support/privacy;https://www.ada.support/privacy;https://www.ada.support/security;https://www.ada.support/enterprise
41;Meetingâ€‘/Transkriptionsâ€‘AI;Otter AI;KIâ€‘Meetingâ€‘Assistent zur Echtzeitâ€‘Transkription, Zusammenfassung und Analyse von Meetings.;ğŸŸ¡ â€“ Nutzbar, aber mit hohem Complianceâ€‘Aufwand (insb. bei DEâ€‘Meetings mit personenbezogenen Daten).;"Nur mit ausdrÃ¼cklicher Einwilligung aller Teilnehmer einsetzen; besonders bei sensiblen Meetings EUâ€‘Dataâ€‘Residency vertraglich sichern; Freeâ€‘Versionen nur fÃ¼r unkritische Inhalte nutzen.";ğŸŸ¡ â€“ HauptsÃ¤chlich USAâ€‘Server, EUâ€‘Region nicht klares Standardangebot.;ğŸŸ¡ â€“ GDPRâ€‘konforme Funktionen vorhanden, aber Drittlandâ€‘Hosting & Transfers riskant.;ğŸŸ¡ â€“ Meetingâ€‘AI mit Audio/Personen kann unter erhÃ¶hte Transparenzâ€‘ und Dokumentationspflichten fallen.;https://www.otter.ai;https://www.otter.ai/privacy;https://www.otter.ai/privacy;https://www.otter.ai/security;https://www.otter.ai/enterprise
42;ErnÃ¤hrungsâ€‘/Lifestyleâ€‘KIâ€‘App;Alma;KIâ€‘gestÃ¼tzte ErnÃ¤hrungsâ€‘App mit natÃ¼rlicher Sprachâ€‘ und Texteingabe fÃ¼r personalisiertes Tracking.;ğŸŸ¡ â€“ Nutzbar fÃ¼r Lifestyle/Training, aber nicht ohne Datenschutzâ€‘Vertrag bei sensiblen Daten.;"FÃ¼r deutsche Unternehmensâ€‘/Teamâ€‘Nutzung: EUâ€‘Hosting & DPA prÃ¼fen; keine vertraulichen Gesundheitsdaten ohne Einwilligung; Einsatz als Lifestyleâ€‘Tool geeignet.";"ğŸŸ¡ â€“ EUâ€‘Hosting nicht ausgewiesen; franzÃ¶sische/regionales Sitzland vorhanden, aber Hostinginfos limitiert.";ğŸŸ¡ â€“ Datenschutzangaben vorhanden, konkrete Hostingdetails & DPA weniger prominent.;ğŸŸ¡ â€“ Generative / Personalisierte KI: erhÃ¶hte Anforderungen bei personenbezogenen Gesundheitsdaten.;https://www.alma.ai;https://www.alma.ai/privacy;https://www.alma.ai/privacy;https://www.alma.ai/security;https://www.alma.ai/contact
43;HR Service Delivery / Enterprise AI;Applaud;AIâ€‘native HRâ€‘Serviceplattform: Selfâ€‘Service, Chatâ€‘Assistenz, HRâ€‘Workflows, globaler Einsatz.;ğŸŸ¢ â€“ Sehr gut nutzbar in DE bei Enterpriseâ€‘Setup mit EUâ€‘Region.;"Ideal fÃ¼r deutsche Unternehmen: EUâ€‘Tenant wÃ¤hlen, AVV/DPA abschlieÃŸen, Rollen/Rechte & Auditâ€‘Logs implementieren; Freeâ€‘/Standardâ€‘PlÃ¤ne mit kritischen Daten vermeiden.";"ğŸŸ¢ â€“ EUâ€‘ oder USâ€‘Region auswÃ¤hlbar (â€Data Residency Choice"") gemÃ¤ÃŸ Security/Privacyâ€‘Seite.";ğŸŸ¢ â€“ GDPR vollstÃ¤ndig adressiert, ISOâ€‘Standards & AVV vorhanden.;ğŸŸ¡ â€“ AIâ€‘Assistenten in HRâ€‘Kontext unterliegen Transparenzâ€‘ und Dokumentationspflichten (z. B. Chatbotâ€‘Decisions).;https://www.applaud.ai;https://www.applaud.ai/privacy;https://www.applaud.ai/privacy;https://www.applaud.ai/security;https://www.applaud.ai/gdpr
44;Mobile Video Editor;CapCut (Bytedance);Mobile/Desktop-Videoeditor mit Cloud-Sync & KI-Funktionen.;ğŸ”´ â€“ Nicht fÃ¼r Unternehmensinhalte empfohlen;"Nicht fÃ¼r Unternehmensinhalte verwenden; nur lokal bearbeitete Videos ohne Cloud; EU-Alternativen wÃ¤hlen";ğŸ”´ â€“ Daten Ã¼berwiegend auÃŸerhalb EU (US/Singapur);ğŸ”´ â€“ DSGVO-Bedenken (Transferrisiken, Broad Terms);ğŸ”´ â€“ EU AI Act: generative Inhalte, Provenance & Compliance-Risiken;https://www.capcut.com;https://www.capcut.com/privacy;https://www.capcut.com/privacy;https://www.capcut.com/terms;https://www.bytedance.com/en/privacy
45;Productivity / Taskâ€‘&â€‘Scheduleâ€‘AI;Motion;KIâ€‘gestÃ¼tzte Plattform zur Planung von Aufgaben, Kalendern, Projekten, inkl. Automatisierungen.;ğŸŸ¡ â€“ Nutzbar in DE, jedoch bei sensitiven Daten mit Vorsicht.;"Einsatz nur wenn Datenklassifikation geprÃ¼ft; kritische bzw. vertrauliche Daten nur im Enterpriseâ€‘Setup; AVV / DPA prÃ¼fen.";ğŸŸ¡ â€“ Securityâ€‘ und GDPRâ€‘Claims vorhanden, aber EUâ€‘Residenz nicht klar verifiziert.;"ğŸŸ¡ â€“ Sicherheit & VerschlÃ¼sselung dokumentiert; EUâ€‘Datenhaltung nicht explizit ausgewiesen.";ğŸŸ¡ â€“ Automatisierung & KIâ€‘Agents verlangen zusÃ¤tzliche Dokumentation.;https://www.motion.app;https://www.motion.app/privacy;https://www.motion.app/privacy;https://www.motion.app/security;https://www.motion.app/enterprise
46;Customerâ€‘Messaging / Chatâ€‘&â€‘AI;Crisp;Plattform fÃ¼r Kundenkommunikation (Liveâ€‘Chat, Bot, Automatisierungen) mit KIâ€‘Funktion und EUâ€‘Fokus.;ğŸŸ¢ â€“ Sehr gut nutzbar in DE bei korrektem Setup.;"EUâ€‘Hosting auswÃ¤hlen, DPA abschlieÃŸen; Datenkategorien definieren; bei Plugins Messâ€‘ und Trackingdaten prÃ¼fen.";"ğŸŸ¢ â€“ Daten werden in den NL und DE gehostet (â€User data is stored in our core infrastructureâ€¦ Netherlands and Germany""). (Crisp)";"ğŸŸ¢ â€“ GDPRâ€‘Compliance dargelegt; DPAâ€‘MÃ¶glichkeit vorhanden. (Crisp Helpdesk)";ğŸŸ¡ â€“ Chatâ€‘/Botâ€‘Features mit Profiling erfordern Transparenz & Dokumentation.;https://www.crisp.chat;https://www.crisp.chat/privacy;https://www.crisp.chat/privacy;https://www.crisp.chat/gdpr;https://www.crisp.chat/enterprise
47;Creative/Mediaâ€‘AI (Video Ads);Arcads;KIâ€‘Tool zur automatischen Erstellung von Videos/Ads mit AIâ€‘Schauspielern und Sprachâ€‘/Bildintegration.;ğŸŸ¡ â€“ Nutzbar, aber mit verlÃ¤ngertem Integrationsâ€‘ & Complianceâ€‘Aufwand.;"Einsatz nur wenn Vertragsklauseln zu Datenverwendung/Modelltraining klar sind; EUâ€‘Region und Exportklauseln prÃ¼fen; Usecases auf Werbematerial beschrÃ¤nken.";"ğŸŸ¡ â€“ Hostingâ€‘region nicht eindeutig verÃ¶ffentlicht; Risiko bei Drittstaatâ€‘Transfers.";ğŸŸ¡ â€“ DatenschutzerklÃ¤rungen vorhanden, aber Hostingâ€‘ und Modellâ€‘Trainingâ€‘Details begrenzt dokumentiert.;ğŸŸ¡ â€“ Generierte Medieninhalte mit potenzieller Urheberrechtsâ€‘/Entscheidungswirkung â†’ erhÃ¶hte Pflichten.;https://www.arcads.ai;https://www.arcads.ai/privacy;https://www.arcads.ai/privacy;https://www.arcads.ai/security;https://www.arcads.ai/terms
48;Analytics / AI Agents;Emergent;Analytics/AI-Workflows, Enterprise-Fokus;ğŸŸ¡ â€“ Nur anonymisierte Daten fÃ¼r POC;"POC nur anonym; DPA & Sub-Processor-Liste prÃ¼fen; DPIA fÃ¼r Profiling / HR";ğŸŸ¡ â€“ Privacy & Enterprise Controls vorhanden;"ğŸŸ¡ â€“ DSGVO: anonymisierte Daten bevorzugen; DPIA bei Profiling";ğŸŸ¡ â€“ EU AI Act: Entscheidungsagenten dokumentieren;https://www.emergent.ai;https://www.emergent.ai/privacy;https://www.emergent.ai/privacy;https://www.emergent.ai/security;https://www.emergent.ai/dpa
49;Meetingâ€‘/ProduktivitÃ¤tsâ€‘KI;Read AI;Plattform zur Erfassung, Transkription, Zusammenfassung von Meetings & Chats, inkl. Suchâ€‘Copilot Ã¼ber Inhalte.;ğŸŸ¡ â€“ Nutzbar, aber mit hohem Complianceâ€‘Aufwand bei sensiblen Inhalten.;"Nur mit Zustimmung aller Teilnehmer einsetzen; Datenresidenz prÃ¼fen; Freeâ€‘Versionen nur fÃ¼r unkritische Inhalte verwenden.";ğŸŸ¡ â€“ USAâ€‘Zentrum, EUâ€‘region nicht umfassend dokumentiert.;"ğŸŸ¡ â€“ GDPRâ€‘Hinweise vorhanden (â€GDPRâ€‘compliant""), konkrete Hostingâ€‘Details niedrig.";ğŸŸ¡ â€“ Automatisierung groÃŸer Mengen Meetingâ€‘/Chatâ€‘Daten verlangt Transparenz & Dokumentation.;https://www.read.ai;https://www.read.ai/privacy;https://www.read.ai/privacy;https://www.read.ai/security;https://www.read.ai/enterprise
50;Generative Video / Personalisierung;Tavus;"Plattform zur massenhaften Erstellung personalisierter Videos mit Voiceâ€‘/Faceâ€‘Cloning; Integration in CRM/Marketingâ€‘Workflows.";ğŸŸ¡ / ğŸ”´ â€“ MÃ¶glich, aber fÃ¼r DE nur unter sehr strenger Kontrolle oder besser vermeiden.;"Nutzung in DE nur bei eindeutiger Einwilligung der dargestellten Personen; Hosting & Modellâ€‘Training vertraglich klÃ¤ren; Werbemittel prÃ¼fen.";ğŸŸ¡ â€“ Hostingâ€‘region nicht klar ausgewiesen mit EUâ€‘Fokus.;ğŸŸ¡ â€“ Datenschutzâ€‘hinweise vorhanden, aber Einsatz von deepâ€‘fake Technologien erfordert zusÃ¤tzliche PrÃ¼fung.;ğŸ”´ â€“ Generative Personendarstellung + Voice/Faceâ€‘Cloning = Hochrisikoâ€‘KIâ€‘FÃ¤lle unter EU AI Act.;https://www.tavus.io;https://www.tavus.io/privacy;https://www.tavus.io/privacy;https://www.tavus.io/security;https://www.tavus.io/terms
